No,Url Content,Image Source,Description
1,https://id.pinterest.com/pin/65302263342242261,https://i.pinimg.com/236x/24/7c/14/247c14e67e1d68913412f29d51559c3b.jpg,a grey and white cat sticking its tongue out on top of a bed in a bedroom
2,https://id.pinterest.com/pin/211174975747074,https://i.pinimg.com/236x/4f/ff/95/4fff95b2a2c13af1dff1a39e0d821056.jpg,a gray cat wearing heart shaped sunglasses laying on top of a white sheet covered bed
3,https://id.pinterest.com/pin/422281209424514,https://i.pinimg.com/236x/36/33/6d/36336d05afcb3e3b9e91e0bd3e188e2d.jpg,a bouquet of pink tulips sitting on top of a white cloth covered table
4,https://id.pinterest.com/pin/350506783516117853,https://i.pinimg.com/236x/3a/60/86/3a6086a3301edf77857a60e6e7374e2f.jpg,a woman wearing a white dress and headpiece
5,https://id.pinterest.com/pin/119626933847033667,https://i.pinimg.com/236x/0f/fc/90/0ffc902d9cc5edfdcc4ad8da3e6e9325.jpg,a woman sitting at a table with a drink in front of her and the city lights behind her
6,https://id.pinterest.com/pin/81275968270280437,https://i.pinimg.com/236x/ec/11/a8/ec11a89315ee46a4be4711d92ba6fcbd.jpg,an outdoor dining area decorated with greenery and hanging lanterns is lit up by candles
7,https://id.pinterest.com/pin/633387442857723,https://i.pinimg.com/236x/15/aa/4b/15aa4be0753b4fec4a136ac3b0ff641d.jpg,an image of some food on a table with hello kitty and other characters around it
8,https://id.pinterest.com/pin/687784174375710007,https://i.pinimg.com/236x/59/17/cc/5917cc3b7f42507f5287aa78e896b7dc.jpg,"#fashion, #style, #outfitinspiration, #beauty"
9,https://id.pinterest.com/pin/13299761395000396,https://i.pinimg.com/474x/b5/a6/fa/b5a6fa696130d38ff7e488f29a77bfc7.jpg,a white stuffed rabbit holding a long piece of bread in its mouth and wearing a pink dress
10,https://id.pinterest.com/pin/281543723468223,https://i.pinimg.com/236x/1a/15/fc/1a15fc3ea700c2b0bc797e60047099b8.jpg,a woman sitting on the floor in front of a bookshelf reading a book
11,https://id.pinterest.com/pin/108719778499993792,https://i.pinimg.com/474x/a9/f4/a6/a9f4a67074f1556974a0906f95a19429.jpg,many pink roses are lit up in the dark
12,https://id.pinterest.com/pin/30891947440214641,https://i.pinimg.com/236x/60/d1/5b/60d15ba5dc29d342f1ca81e92f380d13.jpg,an anime landscape with flowers and mountains in the background
13,https://id.pinterest.com/pin/18929260939470260,https://i.pinimg.com/474x/9d/db/d4/9ddbd49f7dec9cee538cdad186fe2c35.jpg,the collage is filled with many different things to make it look like they are in love
14,https://id.pinterest.com/pin/43839796369387787,https://i.pinimg.com/236x/e2/c3/df/e2c3df12271c9c0b179429fcd2f207ff.jpg,"an avocado, tomato, egg and lettuce on a white plate"
15,https://id.pinterest.com/pin/3307399720086504,https://i.pinimg.com/236x/55/8f/8e/558f8ed1373b6db5d67751c9efc0dea2.jpg,there are clouds and hearts flying in the sky
16,https://id.pinterest.com/pin/872713234169343164,https://i.pinimg.com/236x/6e/85/27/6e8527292247e36ffd37c197c9c741a9.jpg,a painting of a woman standing in the ocean with her back turned to the camera
17,https://id.pinterest.com/pin/351912465731967,https://i.pinimg.com/236x/58/12/c5/5812c5fe003f0a015d7463209db1ed97.jpg,a drawing of a cat in a banana costume with stars on it's chest
18,https://id.pinterest.com/pin/316377942591803782,https://i.pinimg.com/236x/15/63/2d/15632d361bfa67ca44ab31554ae7d3b2.jpg,a collage of different colored cats with their mouths open
19,https://id.pinterest.com/pin/985231162471341,https://i.pinimg.com/236x/de/4f/35/de4f35e48e638806a6708505339c9554.jpg,a black and white cat wearing pink sunglasses
20,https://id.pinterest.com/pin/2814818511396239,https://i.pinimg.com/236x/78/05/37/7805370fc7ae7c94ca6255545cb4f5b7.jpg,many pink tulips are growing in the grass
21,https://id.pinterest.com/pin/774124926326238,https://i.pinimg.com/236x/8e/9d/25/8e9d25de3b1fbce1578f675189ae3007.jpg,Payet
22,https://id.pinterest.com/pin/35325178324717537,https://i.pinimg.com/236x/fc/e6/d3/fce6d3fb0eb3e7e0559cceb2f0bfdb5f.jpg,#Outfits #OutfitsAesthetic #OutfitsIdeas #OutfitsForSchool #OutfitsForSummer #OutfitsVerano #OutfitsCasuales #OutfitsSummer #OutfitsForMen #OutfitsWithLeggings #OutfitsWithSambas #OutfitsAestheticCurvy #OutfitsAestheticSummer #OutfitsAestheticMen #OutfitsAestheticVerano #OutfitsAestheticSchool
